address,read_type,data_type,tag_name,scaling_coeff,scaling_offset
5,DI,di,di_tag_5,,
6,DI,di,di_tag_6,,
0,HR-FC03,float32,hr_tag_0,10,
1,,,,,
2,HR-FC03,float32,hr_tag_2,,
3,,,,,
4,HR-FC03,float32,hr_tag_4,1.1,5
5,,,,,
6,HR-FC03,float32,hr_tag_6,,
12,IR,uint16,ir_tag_12,-2,-100
13,IR-FC04,sint16,ir_tag_13,,
14,FC04,uint16,ir_tag_14,,-30
8,HR-FC03,float32,hr_tag_8,,
3,DI,di,di_tag_3,,
4,DI,di,di_tag_4,,
10,HR-FC03,float32,hr_tag_10,,
11,,,,,
12,HR-FC03,float32,hr_tag_12,,
13,,,,,
14,HR-FC03,uint16,hr_tag_14,,
15,HR-FC03,uint16,hr_tag_15,,
16,HR-FC03,uint16,hr_tag_16,,
21,FC01,coil,coil_tag_21,,
10,IR,float32,tag_10_11_float,,
23,FC01,coil,coil_tag_23,,
17,HR,uint16,hr_tag_17,,
18,HR,uint16,hr_tag_18,,
19,HR,uint16,hr_tag_19,,
20,HR,uint16,hr_tag_20,,
22,FC01,coil,coil_tag_22,,
24,FC01,coil,coil_tag_24,,
25,coil,coil,coil_tag_25,,
26,coil,coil,coil_tag_26,,
